CREATE DATABASE csdl_doithicong;

USE csdl_doithicong;

CREATE TABLE HANG (
    HangCN    INT          NOT NULL,
    HeSoLuong DECIMAL(3,1) NOT NULL,
    CONSTRAINT PK_HANG PRIMARY KEY (HangCN),
    CONSTRAINT CK_HANG_HangCN CHECK (HangCN BETWEEN 1 AND 5)
);

CREATE TABLE DOITHICONG (
    MaDoi      INT NOT NULL,
    DoiTruong  INT,
    ThuocDonVi INT NOT NULL,
    CONSTRAINT PK_DOITHICONG PRIMARY KEY (MaDoi)
);

CREATE TABLE CONGNHAN (
    MaCN          INT         NOT NULL,
    Ho            VARCHAR(30) NOT NULL,
    Ten           VARCHAR(15) NOT NULL,
    NgaySinh      DATE,
    GioiTinh      CHAR(1)     CHECK (GioiTinh IN ('f', 'F', 'm', 'M')),
    HangCN        INT         NOT NULL,
    NgayTuyenDung DATE,
    MaDoi         INT         NOT NULL,
    CONSTRAINT PK_CONGNHAN PRIMARY KEY (MaCN)
);

CREATE TABLE CONGTRINH (
    MaCT       INT         NOT NULL,
    TenCT      VARCHAR(50) NOT NULL,
    DiaDiem    VARCHAR(50),
    DonViChinh INT         NOT NULL,
    CONSTRAINT PK_CONGTRINH PRIMARY KEY (MaCT)
);

CREATE TABLE CHAMCONG (
    MaCT       INT  NOT NULL,
    MaDoi      INT  NOT NULL,
    MaCN       INT  NOT NULL,
    NgayLamViec DATE NOT NULL,
    SoGio      FLOAT NOT NULL,
    CONSTRAINT PK_CHAMCONG PRIMARY KEY (MaCT, MaDoi, MaCN, NgayLamViec)
);

ALTER TABLE CONGNHAN
    ADD CONSTRAINT FK_CN_HANG
    FOREIGN KEY (HangCN) REFERENCES HANG (HangCN);

ALTER TABLE CONGNHAN
    ADD CONSTRAINT FK_CN_DOI
    FOREIGN KEY (MaDoi) REFERENCES DOITHICONG (MaDoi);

ALTER TABLE DOITHICONG
    ADD CONSTRAINT FK_DOI_TRUONG
    FOREIGN KEY (DoiTruong) REFERENCES CONGNHAN (MaCN);

ALTER TABLE CONGTRINH
    ADD CONSTRAINT FK_CT_DONVI
    FOREIGN KEY (DonViChinh) REFERENCES DOITHICONG (MaDoi);

ALTER TABLE CHAMCONG
    ADD CONSTRAINT FK_CC_CT
    FOREIGN KEY (MaCT) REFERENCES CONGTRINH (MaCT);

ALTER TABLE CHAMCONG
    ADD CONSTRAINT FK_CC_DOI
    FOREIGN KEY (MaDoi) REFERENCES DOITHICONG (MaDoi);

ALTER TABLE CHAMCONG
    ADD CONSTRAINT FK_CC_CN
    FOREIGN KEY (MaCN) REFERENCES CONGNHAN (MaCN);

INSERT INTO HANG
VALUES (1,3.0),
       (2,3.5),
       (3,4.0),
       (4,4.5),
       (5,5.0);

ALTER TABLE DOITHICONG
    NOCHECK CONSTRAINT FK_DOI_TRUONG;

INSERT INTO DOITHICONG
VALUES (1,null,10),
       (2,null,20);

ALTER TABLE DOITHICONG
    CHECK CONSTRAINT FK_DOI_TRUONG;

ALTER TABLE CONGTRINH
    NOCHECK CONSTRAINT FK_CT_DONVI;

INSERT INTO CONGNHAN
VALUES (118,'Tran Van','Hung','2000-08-15','M',1,'2023-11-01',1),
       (138,'Nguyen','Khanh','1995-04-23','M',3,'2021-03-01',2);

INSERT INTO CONGTRINH
VALUES (11,'Nha o Tran Thai Binh','Quan 3',10),
       (12,'Van phong HBC','Quan 7',20);

ALTER TABLE CONGTRINH
    CHECK CONSTRAINT FK_CT_DONVI;

INSERT INTO CHAMCONG
VALUES (11,1,118,'2024-03-11',8),
       (12,2,138,'2024-04-05',8);
