CREATE DATABASE csdl_xebuyt;
--GO

USE csdl_xebuyt;

CREATE TABLE dvvanhanh (
   madv			INT				NOT NULL,
   tendonvi		VARCHAR(70) 	NOT NULL,
   CONSTRAINT PK_dvvanhanh 
       PRIMARY KEY (madv)
);

CREATE TABLE tuyenbuyt (
   matb			INT				NOT NULL,
   tentuyen		VARCHAR(50) 	NOT NULL,
   culy			INT,
   sochuyen		INT,
   madv			INT				NOT NULL,
   CONSTRAINT PK_tuyenbuyt 
       PRIMARY KEY (matb)
);

CREATE TABLE tramdung (
   matd        	INT 			NOT NULL,
   tentram      VARCHAR(50) 	NOT NULL,
   loai			VARCHAR(20) 	NOT NULL,
   diadiem      VARCHAR(70),
   CONSTRAINT PK_tramdung 
       PRIMARY KEY (matd)
);

CREATE TABLE lotrinh (
   matb			INT 			NOT NULL,
   thututram	INT 			NOT NULL,
   matd			INT 			NOT NULL,
   CONSTRAINT PK_lotrinh 
       PRIMARY KEY (matb, thututram),
   CONSTRAINT UK_lotrinh 
       UNIQUE (matb, matd)
);

ALTER TABLE tuyenbuyt
    ADD CONSTRAINT FK_tuyenbuyt_dvvanhanh 
       FOREIGN KEY (madv) REFERENCES dvvanhanh (madv);

ALTER TABLE lotrinh
   ADD CONSTRAINT FK_lotrinh_tuyenbuyt 
       FOREIGN KEY (matb) REFERENCES tuyenbuyt (matb);

ALTER TABLE lotrinh
   ADD CONSTRAINT FK_lotrinh_tramdung 
       FOREIGN KEY (matd) REFERENCES tramdung (matd);

-- Thêm hàng vào bảng dvvanhanh
INSERT INTO dvvanhanh VALUES (1,'CONG TY TNHH DU LICH, DICH VU XAY DUNG BAO YEN (BAO YEN GROUP)');
INSERT INTO dvvanhanh VALUES (2,'HTX VAN TAI 19/5');
INSERT INTO dvvanhanh VALUES (3,'HTX VAN TAI XE BUYT QUYET THANG');
INSERT INTO dvvanhanh VALUES (4,'CONG TY CO PHAN XE KHACH SAI GON (SAIGONBUS)');
INSERT INTO dvvanhanh VALUES (5,'LIEN HIEP HTX VAN TAI THANH PHO');
INSERT INTO dvvanhanh VALUES (6,'HTX VAN TAI SO 28');

-- Thêm hàng vào bảng tuyenbuyt
INSERT INTO tuyenbuyt VALUES (1,'BEN THANH - BX CHO LON',8900,240,1);
INSERT INTO tuyenbuyt VALUES (3,'BEN THANH - THANH LOC',20600,312,2);
INSERT INTO tuyenbuyt VALUES (4,'BEN THANH - BX AN SUONG',16420,303,1);
INSERT INTO tuyenbuyt VALUES (6,'BX CHO LON - TRUONG DAI HOC NONG LAM',26500,190,3);
INSERT INTO tuyenbuyt VALUES (7,'BX CHO LON - GO VAP',15500,150,4);
INSERT INTO tuyenbuyt VALUES (18,'BEN THANH - CHO HIEP THANH',22730,200,2);

-- Thêm hàng vào bảng tramdung
INSERT INTO tramdung VALUES (1,'CONG TRUONG ME LINH','BEN XE','CONG TRUONG ME LINH THI SACH, QUAN 1');
INSERT INTO tramdung VALUES (2,'BEN BACH DANG','TRU DUNG','21 TON DUC THANG, QUAN 1');
INSERT INTO tramdung VALUES (3,'CUC HAI QUAN THANH PHO','NHA CHO','2-4 HAM NGHI, QUAN 1');
INSERT INTO tramdung VALUES (4,'CHO CU','NHA CHO','84 HAM NGHI, QUAN 1');
INSERT INTO tramdung VALUES (5,'TRUONG CAO THANG','NHA CHO','122 HAM NGHI, QUAN 1');
INSERT INTO tramdung VALUES (6,'CONG TY DUONG SAT','NHA CHO','136 HAM NGHI, QUAN 1');
INSERT INTO tramdung VALUES (7,'BEN THANH B','BEN XE','BEN THANH PHAM NGU LAO, QUAN 1');
INSERT INTO tramdung VALUES (8,'TRUONG ERNST THALMANN','NHA CHO','8 TRAN HUNG DAO, QUAN 1');
INSERT INTO tramdung VALUES (9,'KTX TRAN HUNG DAO','NHA CHO','10 TRAN HUNG DAO, QUAN 1');
INSERT INTO tramdung VALUES (10,'RAP HUNG DAO','NHA CHO','112 TRAN HUNG DAO, QUAN 1');
INSERT INTO tramdung VALUES (11,'BENH VIEN RANG HAM MAT','NHA CHO','150 TRAN HUNG DAO, QUAN 1');
INSERT INTO tramdung VALUES (12,'TRAN DINH XU','TRU DUNG','210 - 212 TRAN HUNG DAO, QUAN 1');
INSERT INTO tramdung VALUES (13,'TONG CTY SAMCO','NHA CHO','262 TRAN HUNG DAO, QUAN 1');
INSERT INTO tramdung VALUES (14,'CHO NANCI','TRU DUNG','290 TRAN HUNG DAO, QUAN 1');
INSERT INTO tramdung VALUES (15,'NGUYEN BIEU','TRU DUNG','454 TRAN HUNG DAO, QUAN 5');
INSERT INTO tramdung VALUES (16,'TRUONG CAO DANG KINH TE DOI NGOAI','NHA CHO','520 TRAN HUNG DAO, QUAN 5');
INSERT INTO tramdung VALUES (17,'TRAN BINH TRONG','TRU DUNG','564 TRAN HUNG DAO, QUAN 5');
INSERT INTO tramdung VALUES (18,'BENH VIEN CHAN THUONG CHINH HINH','NHA CHO','696 TRAN HUNG DAO, QUAN 5');
INSERT INTO tramdung VALUES (19,'RAP DONG THAP','TRU DUNG','780 TRAN HUNG DAO, QUAN 5');
INSERT INTO tramdung VALUES (20,'RAP DONG DA','TRU DUNG','882 TRAN HUNG DAO, QUAN 5');
INSERT INTO tramdung VALUES (21,'DONG KHANH','TRU DUNG','18 TRAN HUNG DAO, QUAN 5');
INSERT INTO tramdung VALUES (22,'NHA VAN HOA QUAN 5','TRU DUNG','388 TRAN PHU, QUAN 5');
INSERT INTO tramdung VALUES (23,'NGO QUYEN','BIEN TREO','212 TRAN HUNG DAO, QUAN 5');
INSERT INTO tramdung VALUES (24,'TAN DA','TRU DUNG','274 TRAN HUNG DAO, QUAN 5');
INSERT INTO tramdung VALUES (25,'TRIEU QUANG PHUC','TRU DUNG','346 TRAN HUNG DAO, QUAN 5');
INSERT INTO tramdung VALUES (26,'BUU DIEN QUAN 5','BIEN TREO','13-15 CHAU VAN LIEM, QUAN 5');
INSERT INTO tramdung VALUES (27,'HAI THUONG LAN ONG','TRU DUNG','210-212 HAI THUONG LAN ONG, QUAN 5');
INSERT INTO tramdung VALUES (28,'CHO KIM BIEN','TRU DUNG','5 TRANG TU, QUAN 5');
INSERT INTO tramdung VALUES (29,'BEN XE CHO LON','BEN XE','GA HKXB CHO LON LE QUANG SUNG, QUAN 5');
INSERT INTO tramdung VALUES (30,'TDH XE BUYT SAI GON','BEN XE','TDH XE BUYT SAI GON- CV 23/9 LE LAI, QUAN 1');
INSERT INTO tramdung VALUES (31,'TON THAT TUNG','NHA CHO','DOI DIEN 204 LE LAI, QUAN 1');
INSERT INTO tramdung VALUES (32,'NGUYEN THI NGHIA','NHA CHO','DOI DIEN 96 LE LAI, QUAN 1');
INSERT INTO tramdung VALUES (33,'KHACH SAN NEW WORLD','NHA CHO','DOI DIEN 1A PHAM HONG THAI LE LAI, QUAN 1');
INSERT INTO tramdung VALUES (34,'BEN THANH D','BEN XE','BEN THANH PHAM NGU LAO, QUAN 1');
INSERT INTO tramdung VALUES (35,'HAM NGHI','NHA CHO','163 HAM NGHI, QUAN 1');
INSERT INTO tramdung VALUES (36,'CHO CU','NHA CHO','89A HAM NGHI, QUAN 1');
INSERT INTO tramdung VALUES (37,'HO TUNG MAU','NHA CHO','67 HAM NGHI, QUAN 1');
INSERT INTO tramdung VALUES (38,'BEN BACH DANG','NHA CHO','BEN THUY NOI DIA THU THIEM TON DUC THANG, QUAN 1');
INSERT INTO tramdung VALUES (39,'CONG TRUONG ME LINH','TRU DUNG','2 HAI BA TRUNG, QUAN 1');
INSERT INTO tramdung VALUES (40,'NHA HAT THANH PHO','O SON','74/A2-74/A4 HAI BA TRUNG, QUAN 1');
INSERT INTO tramdung VALUES (41,'BENH VIEN NHI DONG 2','NHA CHO','DOI DIEN 115TER HAI BA TRUNG, QUAN 1');
INSERT INTO tramdung VALUES (42,'BUU DIEN THANH PHO','TRU DUNG','86 HAI BA TRUNG, QUAN 1');
INSERT INTO tramdung VALUES (43,'SO CONG THUONG','NHA CHO','142 HAI BA TRUNG, QUAN 1');
INSERT INTO tramdung VALUES (44,'CONG VIEN LE VAN TAM','NHA CHO','DOI DIEN 245 HAI BA TRUNG, QUAN 1');
INSERT INTO tramdung VALUES (45,'NHA THO TAN DINH','TRU DUNG','298 HAI BA TRUNG, QUAN 1');
INSERT INTO tramdung VALUES (46,'CHO TAN DINH','TRU DUNG','372-374 HAI BA TRUNG, QUAN 1');
INSERT INTO tramdung VALUES (47,'CAU KIEU','O SON','28 - 30 PHAN DINH PHUNG, QUAN PHU NHUAN');
INSERT INTO tramdung VALUES (48,'CHO PHU NHUAN','O SON','158 - 160 PHAN DINH PHUNG, QUAN PHU NHUAN');
INSERT INTO tramdung VALUES (49,'TRUONG CAO DANG KINH TE DOI NGOAI','O SON','312 - 314 PHAN DINH PHUNG, QUAN PHU NHUAN');
INSERT INTO tramdung VALUES (50,'NGA TU PHU NHUAN','TRU DUNG','392 NGUYEN KIEM, QUAN PHU NHUAN');
INSERT INTO tramdung VALUES (51,'NHA TRUYEN THONG','TRU DUNG','466 NGUYEN KIEM, QUAN PHU NHUAN');
INSERT INTO tramdung VALUES (52,'NGA BA HO VAN HUE','TRU DUNG','582 NGUYEN KIEM, QUAN PHU NHUAN');
INSERT INTO tramdung VALUES (53,'COOP MART NGUYEN KIEM','TRU DUNG','668-670 NGUYEN KIEM, QUAN PHU NHUAN');
INSERT INTO tramdung VALUES (54,'CHUA VAN HANH','NHA CHO','750 NGUYEN KIEM, QUAN PHU NHUAN');
INSERT INTO tramdung VALUES (55,'TRUONG CAO DANG HAI QUAN','NHA CHO','780A NGUYEN KIEM, QUAN GO VAP');
INSERT INTO tramdung VALUES (56,'TRAM DAU NGUYEN THAI SON','TRU DUNG','36 NGUYEN THAI SON, QUAN GO VAP');
INSERT INTO tramdung VALUES (57,'BENH VIEN 175','TRU DUNG','90 NGUYEN THAI SON, QUAN GO VAP');
INSERT INTO tramdung VALUES (58,'NGA BA PHAM NGU LAO','TRU DUNG','182 (148B) NGUYEN THAI SON, QUAN GO VAP');
INSERT INTO tramdung VALUES (59,'NHA TANG LE','BIEN TREO','220 (175) PHAM NGU LAO , QUAN GO VAP');
INSERT INTO tramdung VALUES (60,'SIEU THI BIG C','BIEN TREO','72 (45) PHAM NGU LAO , QUAN GO VAP');
INSERT INTO tramdung VALUES (61,'SIEU THI VAN LANG','TRU DUNG','36 NGUYEN OANH, QUAN GO VAP');
INSERT INTO tramdung VALUES (62,'NGA TU PHAN VAN TRI','TRU DUNG','150 NGUYEN OANH, QUAN GO VAP');
INSERT INTO tramdung VALUES (63,'DOANH TRAI QUAN DOI','NHA CHO','152 NGUYEN OANH, QUAN GO VAP');
INSERT INTO tramdung VALUES (64,'CU XA LAM SON','NHA CHO','214 NGUYEN OANH, QUAN GO VAP');
INSERT INTO tramdung VALUES (65,'DAI LIET SI','NHA CHO','DOI DIEN 197 (93) NGUYEN OANH, QUAN GO VAP');
INSERT INTO tramdung VALUES (66,'NGA TU AN NHON','TRU DUNG','388 NGUYEN OANH, QUAN GO VAP');
INSERT INTO tramdung VALUES (67,'BEN DO','TRU DUNG','530 NGUYEN OANH, QUAN GO VAP');
INSERT INTO tramdung VALUES (68,'CAU AN LOC','TRU DUNG','604 NGUYEN OANH, QUAN GO VAP');
INSERT INTO tramdung VALUES (69,'NHA HANG BEN XUA','TRU DUNG','42 HA HUY GIAP, QUAN 12');
INSERT INTO tramdung VALUES (70,'NGA TU GA','TRU DUNG','154 HA HUY GIAP, QUAN 12');
INSERT INTO tramdung VALUES (71,'DINH THAN GIAO KHAU','O SON','332 HA HUY GIAP, QUAN 12');
INSERT INTO tramdung VALUES (72,'CAY XANG TAI LOC','O SON','408B HA HUY GIAP, QUAN 12');
INSERT INTO tramdung VALUES (73,'VUON KIENG QUANG DUNG','TRU DUNG','452 HA HUY GIAP, QUAN 12');
INSERT INTO tramdung VALUES (74,'GA RA THANH HAU','TRU DUNG','508 (63A) HA HUY GIAP, QUAN 12');
INSERT INTO tramdung VALUES (75,'CHO THANH XUAN','NHA CHO','NHA VAN HOA P. THANH LOC HA HUY GIAP, QUAN 12');
INSERT INTO tramdung VALUES (76,'TRUONG CAO DANG DIEN LUC 2','TRU DUNG','554 (TRUONG DIEN LUC 2) HA HUY GIAP, QUAN 12');
INSERT INTO tramdung VALUES (77,'THANH LOC','BEN XE','4/38 TO 11 KP 1 PHUONG THANH LOC QUAN 12 HA HUY GIAP, QUAN 12');
INSERT INTO tramdung VALUES (78,'BEN THANH E','BEN XE','BEN THANH PHAM NGU LAO, QUAN 1');
INSERT INTO tramdung VALUES (79,'DEN THO AN GIAO, PASTEUR','NHA CHO','DEN THO AN GIAO PASTEUR, QUAN 1');
INSERT INTO tramdung VALUES (80,'LE THANH TON','TRU DUNG','144 PASTEUR, QUAN 1');
INSERT INTO tramdung VALUES (81,'LY TU TRONG','TRU DUNG','158 PASTEUR, QUAN 1');
INSERT INTO tramdung VALUES (82,'CONG VIEN 30/4','TRU DUNG','178 PASTEUR, QUAN 1');
INSERT INTO tramdung VALUES (83,'NGUYEN THI MINH KHAI','NHA CHO','184 PASTEUR, QUAN 1');
INSERT INTO tramdung VALUES (84,'DAI HOC KIEN TRUC','NHA CHO','194 D PASTEUR, QUAN 3');
INSERT INTO tramdung VALUES (85,'SO TU PHAP','NHA CHO','214 PASTEUR, QUAN 3');
INSERT INTO tramdung VALUES (86,'DIEN BIEN PHU','NHA CHO','232 PASTEUR, QUAN 3');
INSERT INTO tramdung VALUES (87,'VIEN PASTEUR','NHA CHO','DOI DIEN 153 A-B VO THI SAU, QUAN 3');
INSERT INTO tramdung VALUES (88,'VIEN PASTEUR','NHA CHO','252 (DOI DIEN 173) NAM KY KHOI NGHIA, QUAN 3');
INSERT INTO tramdung VALUES (89,'NGAN HANG SACOMBANK','TRU DUNG','260 NAM KY KHOI NGHIA, QUAN 3');
INSERT INTO tramdung VALUES (90,'LY CHINH THANG','O SON','288 B7 NAM KY KHOI NGHIA, QUAN 3');
INSERT INTO tramdung VALUES (91,'CHUA VINH NGHIEM','TRU DUNG','382E NAM KY KHOI NGHIA, QUAN 3');
INSERT INTO tramdung VALUES (92,'TRAN HUY LIEU','TRU DUNG','40 NGUYEN VAN TROI, QUAN PHU NHUAN');
INSERT INTO tramdung VALUES (93,'TRUNG TAM VAN HOA QUAN PHU NHUAN','TRU DUNG','68 NGUYEN VAN TROI, QUAN PHU NHUAN');
INSERT INTO tramdung VALUES (94,'HOC VIEN HANG KHONG','TRU DUNG','104 NGUYEN VAN TROI, QUAN PHU NHUAN');
INSERT INTO tramdung VALUES (95,'BENH VIEN QUAN PHU NHUAN','TRU DUNG','142 NGUYEN VAN TROI, QUAN PHU NHUAN');
INSERT INTO tramdung VALUES (96,'CAY XANG QUAN KHU 7','NHA CHO','180 NGUYEN VAN TROI, QUAN PHU NHUAN');
INSERT INTO tramdung VALUES (97,'CONG TRUOC SVD QUAN KHU 7','NHA CHO','A2 (SAN VAN DONG QUAN KHU 7) PHAN DINH GIOT, QUAN TAN BINH');
INSERT INTO tramdung VALUES (98,'CONG VIEN HOANG VAN THU','NHA CHO','CONG VIEN HOANG VAN THU PHAN THUC DUYEN, QUAN TAN BINH');
INSERT INTO tramdung VALUES (99,'LANG CHA CA','NHA CHO','20 TRAN QUOC HOAN, QUAN TAN BINH');
INSERT INTO tramdung VALUES (100,'SIEU THI MAXIMARK CONG HOA','TRU DUNG','60 CONG HOA, QUAN TAN BINH');
INSERT INTO tramdung VALUES (101,'NHA HAT QUAN DOI','TRU DUNG','138 (KE NHA HAT QUAN DOI) CONG HOA, QUAN TAN BINH');
INSERT INTO tramdung VALUES (102,'NGAN HANG QUAN DOI','NHA CHO','TIEC CUOI HUONG SEN CONG HOA, QUAN TAN BINH');
INSERT INTO tramdung VALUES (103,'CONG TY LO HOI','TRU DUNG','184 CONG HOA, QUAN TAN BINH');
INSERT INTO tramdung VALUES (104,'NGA TU HOANG HOA THAM','TRU DUNG','304 CONG HOA, QUAN TAN BINH');
INSERT INTO tramdung VALUES (105,'NGA BA BINH GIA','TRU DUNG','390 CONG HOA, QUAN TAN BINH');
INSERT INTO tramdung VALUES (106,'LE VAN HUAN','TRU DUNG','496 CONG HOA, QUAN TAN BINH');
INSERT INTO tramdung VALUES (107,'592, CONG HOA','O SON','592 CONG HOA, QUAN TAN BINH');
INSERT INTO tramdung VALUES (108,'THUONG UYEN','NHA CHO','660 (KE 592) CONG HOA, QUAN TAN BINH');
INSERT INTO tramdung VALUES (109,'MUI TAU CONG HOA','TRU DUNG','19B1 TRUONG CHINH, QUAN TAN BINH');
INSERT INTO tramdung VALUES (110,'HOA KIENG THANH HUNG','NHA CHO','9B TRUONG CHINH, QUAN TAN BINH');
INSERT INTO tramdung VALUES (111,'TAN SON','NHA CHO','720 TRUONG CHINH, QUAN TAN BINH');
INSERT INTO tramdung VALUES (112,'SIEU THI COOP MART THANG LOI','NHA CHO','792 (25/19) TRUONG CHINH, QUAN TAN BINH');
INSERT INTO tramdung VALUES (113,'KHU CONG NGHIEP TAN BINH','NHA CHO','906 TRUONG CHINH, QUAN TAN BINH');
INSERT INTO tramdung VALUES (114,'THIEN HOA','NHA CHO','1/17A TRUONG CHINH, QUAN 12');
INSERT INTO tramdung VALUES (115,'SIEU THI CHO LON','NHA CHO','189/4 TRUONG CHINH, QUAN 12');
INSERT INTO tramdung VALUES (116,'CHUA VINH PHUOC','NHA CHO','258 TRUONG CHINH, QUAN 12');
INSERT INTO tramdung VALUES (117,'CHUA LAC QUANG','NHA CHO','408 TRUONG CHINH, QUAN 12');
INSERT INTO tramdung VALUES (118,'BITIS','NHA CHO','640 TRUONG CHINH, QUAN 12');
INSERT INTO tramdung VALUES (119,'CHO CHIEU','NHA CHO','774A TRUONG CHINH, QUAN 12');
INSERT INTO tramdung VALUES (120,'BEN XE AN SUONG','TRU DUNG','116 QUOC LO 22, QUAN 12');
INSERT INTO tramdung VALUES (121,'BEN XE AN SUONG','BEN XE','BEN XE AN SUONG QUOC LO 22, QUAN 12');
INSERT INTO tramdung VALUES (122,'BEN THANH F','BEN XE','BEN THANH PHAM NGU LAO, QUAN 1');
INSERT INTO tramdung VALUES (123,'NHA THO DUC BA','O SON','47 LE DUAN, QUAN 1');
INSERT INTO tramdung VALUES (124,'CTY XO SO KIEN THIET','TRU DUNG','SOFITEL PLAZA LE DUAN, QUAN 1');
INSERT INTO tramdung VALUES (125,'DAI HOC KHOA HOC XA HOI NHAN VAN','NHA CHO','10 DINH TIEN HOANG, QUAN 1');
INSERT INTO tramdung VALUES (126,'SVD HOA LU','NHA CHO','2 DINH TIEN HOANG, QUAN 1');
INSERT INTO tramdung VALUES (127,'NGUYEN DINH CHIEU','NHA CHO','18 DINH TIEN HOANG, QUAN 1');
INSERT INTO tramdung VALUES (128,'DIEN BIEN PHU','TRU DUNG','68 DINH TIEN HOANG, QUAN 1');
INSERT INTO tramdung VALUES (129,'CAU BONG','TRU DUNG','96 DINH TIEN HOANG, QUAN BINH THANH');
INSERT INTO tramdung VALUES (130,'BENH VIEN BINH THANH','NHA CHO','114 DINH TIEN HOANG, QUAN BINH THANH');
INSERT INTO tramdung VALUES (131,'LANG ONG BA CHIEU','NHA CHO','DOI DIEN 129 DINH TIEN HOANG, QUAN BINH THANH');
INSERT INTO tramdung VALUES (132,'UBND QUAN BINH THANH','TRU DUNG','6-8 PHAN DANG LUU, QUAN BINH THANH');
INSERT INTO tramdung VALUES (133,'BENH VIEN GIA DINH','NHA CHO','2 NO TRANG LONG, QUAN BINH THANH');
INSERT INTO tramdung VALUES (134,'HO BOI DAI DONG','TRU DUNG','48 NO TRANG LONG, QUAN BINH THANH');
INSERT INTO tramdung VALUES (135,'NGA TU BINH HOA','TRU DUNG','276 LE QUANG DINH, QUAN BINH THANH');
INSERT INTO tramdung VALUES (136,'CHUA HUNG GIA TU','TRU DUNG','336 LE QUANG DINH, QUAN BINH THANH');
INSERT INTO tramdung VALUES (137,'NGA TU XOM GA','TRU DUNG','424 LE QUANG DINH, QUAN BINH THANH');
INSERT INTO tramdung VALUES (138,'CHUA GIA LAM','TRU DUNG','488 LE QUANG DINH, QUAN BINH THANH');
INSERT INTO tramdung VALUES (139,'NGA BA NGUYEN HONG','TRU DUNG','566 LE QUANG DINH, QUAN GO VAP');
INSERT INTO tramdung VALUES (140,'TRUONG DAI HOC CONG NGHIEP','TRU DUNG','28 NGUYEN VAN NGHI, QUAN GO VAP');
INSERT INTO tramdung VALUES (141,'SIEU THI VAN LANG','TRU DUNG','SIEU THI VAN LANG QUANG TRUNG, QUAN GO VAP');
INSERT INTO tramdung VALUES (142,'CONG TY 32','TRU DUNG','138 QUANG TRUNG, QUAN GO VAP');
INSERT INTO tramdung VALUES (143,'NHA THO XOM THUOC','TRU DUNG','190 QUANG TRUNG, QUAN GO VAP');
INSERT INTO tramdung VALUES (144,'UBND QUAN GO VAP','TRU DUNG','328 QUANG TRUNG, QUAN GO VAP');
INSERT INTO tramdung VALUES (145,'VKS NHAN DAN QUAN GO VAP','TRU DUNG','402 - 404 QUANG TRUNG, QUAN GO VAP');
INSERT INTO tramdung VALUES (146,'CHUA HUYNH KIM','O SON','548 QUANG TRUNG, QUAN GO VAP');
INSERT INTO tramdung VALUES (147,'SIEU THI BINH DAN, QUANG TRUNG','TRU DUNG','628A QUANG TRUNG, QUAN GO VAP');
INSERT INTO tramdung VALUES (148,'CHO THONG TAY','TRU DUNG','734 QUANG TRUNG, QUAN GO VAP');
INSERT INTO tramdung VALUES (149,'TRUONG THPT NGUYEN CONG TRU','TRU DUNG','872 (96H) QUANG TRUNG, QUAN GO VAP');
INSERT INTO tramdung VALUES (150,'DET MAY PHUONG DONG','NHA CHO','930 (KHO 97) QUANG TRUNG, QUAN GO VAP');
INSERT INTO tramdung VALUES (151,'LANG SOS','TRU DUNG','1010 QUANG TRUNG, QUAN GO VAP');
INSERT INTO tramdung VALUES (152,'CONG TY DONG TAM','TRU DUNG','1134 QUANG TRUNG, QUAN GO VAP');
INSERT INTO tramdung VALUES (153,'NGA TU CAU CONG','TRU DUNG','1246 QUANG TRUNG, QUAN GO VAP');
INSERT INTO tramdung VALUES (154,'CHO CAU','TRU DUNG','1324 QUANG TRUNG, QUAN GO VAP');
INSERT INTO tramdung VALUES (155,'CHO CAU','O SON','113 QUANG TRUNG, QUAN 12');
INSERT INTO tramdung VALUES (156,'CAU VUOT QUANG TRUNG','TRU DUNG','170 QUANG TRUNG, QUAN 12');
INSERT INTO tramdung VALUES (157,'CONG VIEN PHAN MEM QUANG TRUNG','NHA CHO','CONG VIEN PHAN MEM QUANG TRUNG TO KY, QUAN 12');
INSERT INTO tramdung VALUES (158,'DONG BAC','O SON','288 TO KY, QUAN 12');
INSERT INTO tramdung VALUES (159,'DIEN LUC HOC MON','O SON','DIEN LUC HOC MON TO KY, QUAN 12');
INSERT INTO tramdung VALUES (160,'CHIEC NON KY DIEU','O SON','312 TO KY, QUAN 12');
INSERT INTO tramdung VALUES (161,'CHO TAN CHANH HIEP','TRU DUNG','414 TO KY, QUAN 12');
INSERT INTO tramdung VALUES (162,'DOANH TRAI QUAN DOI','O SON','A49 TO KY, QUAN 12');
INSERT INTO tramdung VALUES (163,'TRUONG DAI HOC LAO DONG XA HOI','TRU DUNG','72 TO KY, QUAN 12');
INSERT INTO tramdung VALUES (164,'NGA 3 BAU','TRU DUNG','LO A4D NGUYEN ANH THU, QUAN 12');
INSERT INTO tramdung VALUES (165,'TRAM Y TE','O SON','772 NGUYEN ANH THU, QUAN 12');
INSERT INTO tramdung VALUES (166,'TRUNG TAM Y TE QUAN 12','TRU DUNG','927 NGUYEN ANH THU, QUAN 12');
INSERT INTO tramdung VALUES (167,'QUAN NAM LUA','TRU DUNG','785 NGUYEN ANH THU, QUAN 12');
INSERT INTO tramdung VALUES (168,'NGA TU NUOC DA','O SON','753 NGUYEN ANH THU, QUAN 12');
INSERT INTO tramdung VALUES (169,'TRUONG TIEU HOC NGUYEN TRAI','TRU DUNG','TRUONG NGUYEN TRAI NGUYEN ANH THU, QUAN 12');
INSERT INTO tramdung VALUES (170,'NGA 3 DONG QUANG','TRU DUNG','581-577 NGUYEN ANH THU, QUAN 12');
INSERT INTO tramdung VALUES (171,'CAY XANG HIEP THANH','TRU DUNG','46/8 NGUYEN ANH THU, QUAN 12');
INSERT INTO tramdung VALUES (172,'CUA HANG NGOC SON','O SON','86H NGUYEN ANH THU, QUAN 12');
INSERT INTO tramdung VALUES (173,'CONG AN HIEP THANH','TRU DUNG','425 NGUYEN ANH THU, QUAN 12');
INSERT INTO tramdung VALUES (174,'NGAN HANG AGRIBANK','TRU DUNG','296 NGUYEN ANH THU, QUAN 12');
INSERT INTO tramdung VALUES (175,'HIEP THANH','BEN XE','BAI XE HIEP THANH NGUYEN ANH THU, QUAN 12');

-- Thêm hàng vào bảng lotrinh
INSERT INTO lotrinh VALUES (1,1,1);
INSERT INTO lotrinh VALUES (1,2,2);
INSERT INTO lotrinh VALUES (1,3,3);
INSERT INTO lotrinh VALUES (1,4,4);
INSERT INTO lotrinh VALUES (1,5,5);
INSERT INTO lotrinh VALUES (1,6,6);
INSERT INTO lotrinh VALUES (1,7,7);
INSERT INTO lotrinh VALUES (1,8,8);
INSERT INTO lotrinh VALUES (1,9,9);
INSERT INTO lotrinh VALUES (1,10,10);
INSERT INTO lotrinh VALUES (1,11,11);
INSERT INTO lotrinh VALUES (1,12,12);
INSERT INTO lotrinh VALUES (1,13,13);
INSERT INTO lotrinh VALUES (1,14,14);
INSERT INTO lotrinh VALUES (1,15,15);
INSERT INTO lotrinh VALUES (1,16,16);
INSERT INTO lotrinh VALUES (1,17,17);
INSERT INTO lotrinh VALUES (1,18,18);
INSERT INTO lotrinh VALUES (1,19,19);
INSERT INTO lotrinh VALUES (1,20,20);
INSERT INTO lotrinh VALUES (1,21,21);
INSERT INTO lotrinh VALUES (1,22,22);
INSERT INTO lotrinh VALUES (1,23,23);
INSERT INTO lotrinh VALUES (1,24,24);
INSERT INTO lotrinh VALUES (1,25,25);
INSERT INTO lotrinh VALUES (1,26,26);
INSERT INTO lotrinh VALUES (1,27,27);
INSERT INTO lotrinh VALUES (1,28,28);
INSERT INTO lotrinh VALUES (1,29,29);
INSERT INTO lotrinh VALUES (3,1,30);
INSERT INTO lotrinh VALUES (3,2,31);
INSERT INTO lotrinh VALUES (3,3,32);
INSERT INTO lotrinh VALUES (3,4,33);
INSERT INTO lotrinh VALUES (3,5,34);
INSERT INTO lotrinh VALUES (3,6,35);
INSERT INTO lotrinh VALUES (3,7,36);
INSERT INTO lotrinh VALUES (3,8,37);
INSERT INTO lotrinh VALUES (3,9,38);
INSERT INTO lotrinh VALUES (3,10,39);
INSERT INTO lotrinh VALUES (3,11,40);
INSERT INTO lotrinh VALUES (3,12,41);
INSERT INTO lotrinh VALUES (3,13,42);
INSERT INTO lotrinh VALUES (3,14,43);
INSERT INTO lotrinh VALUES (3,15,44);
INSERT INTO lotrinh VALUES (3,16,45);
INSERT INTO lotrinh VALUES (3,17,46);
INSERT INTO lotrinh VALUES (3,18,47);
INSERT INTO lotrinh VALUES (3,19,48);
INSERT INTO lotrinh VALUES (3,20,49);
INSERT INTO lotrinh VALUES (3,21,50);
INSERT INTO lotrinh VALUES (3,22,51);
INSERT INTO lotrinh VALUES (3,23,52);
INSERT INTO lotrinh VALUES (3,24,53);
INSERT INTO lotrinh VALUES (3,25,54);
INSERT INTO lotrinh VALUES (3,26,55);
INSERT INTO lotrinh VALUES (3,27,56);
INSERT INTO lotrinh VALUES (3,28,57);
INSERT INTO lotrinh VALUES (3,29,58);
INSERT INTO lotrinh VALUES (3,30,59);
INSERT INTO lotrinh VALUES (3,31,60);
INSERT INTO lotrinh VALUES (3,32,61);
INSERT INTO lotrinh VALUES (3,33,62);
INSERT INTO lotrinh VALUES (3,34,63);
INSERT INTO lotrinh VALUES (3,35,64);
INSERT INTO lotrinh VALUES (3,36,65);
INSERT INTO lotrinh VALUES (3,37,66);
INSERT INTO lotrinh VALUES (3,38,67);
INSERT INTO lotrinh VALUES (3,39,68);
INSERT INTO lotrinh VALUES (3,40,69);
INSERT INTO lotrinh VALUES (3,41,70);
INSERT INTO lotrinh VALUES (3,42,71);
INSERT INTO lotrinh VALUES (3,43,72);
INSERT INTO lotrinh VALUES (3,44,73);
INSERT INTO lotrinh VALUES (3,45,74);
INSERT INTO lotrinh VALUES (3,46,75);
INSERT INTO lotrinh VALUES (3,47,76);
INSERT INTO lotrinh VALUES (3,48,77);
INSERT INTO lotrinh VALUES (4,1,30);
INSERT INTO lotrinh VALUES (4,2,31);
INSERT INTO lotrinh VALUES (4,3,32);
INSERT INTO lotrinh VALUES (4,4,33);
INSERT INTO lotrinh VALUES (4,5,78);
INSERT INTO lotrinh VALUES (4,6,35);
INSERT INTO lotrinh VALUES (4,7,36);
INSERT INTO lotrinh VALUES (4,8,79);
INSERT INTO lotrinh VALUES (4,9,80);
INSERT INTO lotrinh VALUES (4,10,81);
INSERT INTO lotrinh VALUES (4,11,82);
INSERT INTO lotrinh VALUES (4,12,83);
INSERT INTO lotrinh VALUES (4,13,84);
INSERT INTO lotrinh VALUES (4,14,85);
INSERT INTO lotrinh VALUES (4,15,86);
INSERT INTO lotrinh VALUES (4,16,87);
INSERT INTO lotrinh VALUES (4,17,88);
INSERT INTO lotrinh VALUES (4,18,89);
INSERT INTO lotrinh VALUES (4,19,90);
INSERT INTO lotrinh VALUES (4,20,91);
INSERT INTO lotrinh VALUES (4,21,92);
INSERT INTO lotrinh VALUES (4,22,93);
INSERT INTO lotrinh VALUES (4,23,94);
INSERT INTO lotrinh VALUES (4,24,95);
INSERT INTO lotrinh VALUES (4,25,96);
INSERT INTO lotrinh VALUES (4,26,97);
INSERT INTO lotrinh VALUES (4,27,98);
INSERT INTO lotrinh VALUES (4,28,99);
INSERT INTO lotrinh VALUES (4,29,100);
INSERT INTO lotrinh VALUES (4,30,101);
INSERT INTO lotrinh VALUES (4,31,102);
INSERT INTO lotrinh VALUES (4,32,103);
INSERT INTO lotrinh VALUES (4,33,104);
INSERT INTO lotrinh VALUES (4,34,105);
INSERT INTO lotrinh VALUES (4,35,106);
INSERT INTO lotrinh VALUES (4,36,107);
INSERT INTO lotrinh VALUES (4,37,108);
INSERT INTO lotrinh VALUES (4,38,109);
INSERT INTO lotrinh VALUES (4,39,110);
INSERT INTO lotrinh VALUES (4,40,111);
INSERT INTO lotrinh VALUES (4,41,112);
INSERT INTO lotrinh VALUES (4,42,113);
INSERT INTO lotrinh VALUES (4,43,114);
INSERT INTO lotrinh VALUES (4,44,115);
INSERT INTO lotrinh VALUES (4,45,116);
INSERT INTO lotrinh VALUES (4,46,117);
INSERT INTO lotrinh VALUES (4,47,118);
INSERT INTO lotrinh VALUES (4,48,119);
INSERT INTO lotrinh VALUES (4,49,120);
INSERT INTO lotrinh VALUES (4,50,121);
INSERT INTO lotrinh VALUES (18,1,30);
INSERT INTO lotrinh VALUES (18,2,31);
INSERT INTO lotrinh VALUES (18,3,32);
INSERT INTO lotrinh VALUES (18,4,33);
INSERT INTO lotrinh VALUES (18,5,122);
INSERT INTO lotrinh VALUES (18,6,35);
INSERT INTO lotrinh VALUES (18,7,36);
INSERT INTO lotrinh VALUES (18,8,79);
INSERT INTO lotrinh VALUES (18,9,80);
INSERT INTO lotrinh VALUES (18,10,81);
INSERT INTO lotrinh VALUES (18,11,82);
INSERT INTO lotrinh VALUES (18,12,123);
INSERT INTO lotrinh VALUES (18,13,124);
INSERT INTO lotrinh VALUES (18,14,125);
INSERT INTO lotrinh VALUES (18,15,126);
INSERT INTO lotrinh VALUES (18,16,127);
INSERT INTO lotrinh VALUES (18,17,128);
INSERT INTO lotrinh VALUES (18,18,129);
INSERT INTO lotrinh VALUES (18,19,130);
INSERT INTO lotrinh VALUES (18,20,131);
INSERT INTO lotrinh VALUES (18,21,132);
INSERT INTO lotrinh VALUES (18,22,133);
INSERT INTO lotrinh VALUES (18,23,134);
INSERT INTO lotrinh VALUES (18,24,135);
INSERT INTO lotrinh VALUES (18,25,136);
INSERT INTO lotrinh VALUES (18,26,137);
INSERT INTO lotrinh VALUES (18,27,138);
INSERT INTO lotrinh VALUES (18,28,139);
INSERT INTO lotrinh VALUES (18,29,140);
INSERT INTO lotrinh VALUES (18,30,141);
INSERT INTO lotrinh VALUES (18,31,142);
INSERT INTO lotrinh VALUES (18,32,143);
INSERT INTO lotrinh VALUES (18,33,144);
INSERT INTO lotrinh VALUES (18,34,145);
INSERT INTO lotrinh VALUES (18,35,146);
INSERT INTO lotrinh VALUES (18,36,147);
INSERT INTO lotrinh VALUES (18,37,148);
INSERT INTO lotrinh VALUES (18,38,149);
INSERT INTO lotrinh VALUES (18,39,150);
INSERT INTO lotrinh VALUES (18,40,151);
INSERT INTO lotrinh VALUES (18,41,152);
INSERT INTO lotrinh VALUES (18,42,153);
INSERT INTO lotrinh VALUES (18,43,154);
INSERT INTO lotrinh VALUES (18,44,155);
INSERT INTO lotrinh VALUES (18,45,156);
INSERT INTO lotrinh VALUES (18,46,157);
INSERT INTO lotrinh VALUES (18,47,158);
INSERT INTO lotrinh VALUES (18,48,159);
INSERT INTO lotrinh VALUES (18,49,160);
INSERT INTO lotrinh VALUES (18,50,161);
INSERT INTO lotrinh VALUES (18,51,162);
INSERT INTO lotrinh VALUES (18,52,163);
INSERT INTO lotrinh VALUES (18,53,164);
INSERT INTO lotrinh VALUES (18,54,165);
INSERT INTO lotrinh VALUES (18,55,166);
INSERT INTO lotrinh VALUES (18,56,167);
INSERT INTO lotrinh VALUES (18,57,168);
INSERT INTO lotrinh VALUES (18,58,169);
INSERT INTO lotrinh VALUES (18,59,170);
INSERT INTO lotrinh VALUES (18,60,171);
INSERT INTO lotrinh VALUES (18,61,172);
INSERT INTO lotrinh VALUES (18,62,173);
INSERT INTO lotrinh VALUES (18,63,174);
INSERT INTO lotrinh VALUES (18,64,175);